zip,lat,lon,city,state
00725,18.21857,-66.04275,Caguas,PR
00926,18.3462,-66.05234,San Juan,PR
00949,18.43017,-66.20884,Toa Baja,PR
00953,18.36312,-66.2475,Toa Alta,PR
00956,18.32082,-66.17175,Bayamon,PR
01109,42.11837,-72.54875,Springfield,MA
01604,42.25151,-71.76772,Worcester,MA
02115,42.34109,-71.09456,Boston,MA
02301,42.07791,-71.04225,Brockton,MA
02886,41.70572,-71.45857,Warwick,RI
02909,41.82025,-71.45146,Providence,RI
03060,42.74127,-71.45927,Nashua,NH
03103,42.95352,-71.44429,Manchester,NH
03301,43.22434,-71.54337,Concord,NH
04103,43.69379,-70.29088,Portland,ME
04401,44.84923,-68.84479,Bangor,ME
05401,44.47629,-73.20997,Burlington,VT
05701,43.62458,-72.90981,Rutland,VT
06106,41.74872,-72.69494,Hartford,CT
06511,41.31621,-72.92674,New Haven,CT
06606,41.21173,-73.20801,Bridgeport,CT
06902,41.05893,-73.54661,Stamford,CT
07002,40.66464,-74.10867,Bayonne,NJ
07047,40.79358,-74.02613,North Bergen,NJ
07055,40.8575,-74.12821,Passaic,NJ
07087,40.76736,-74.03227,Union City,NJ
07093,40.78809,-74.01145,West New York,NJ
07105,40.72288,-74.13883,Newark,NJ
07202,40.65255,-74.21616,Elizabeth,NJ
07305,40.69847,-74.08054,Jersey City,NJ
08701,40.07645,-74.20323,Lakewood,NJ
08753,39.97937,-74.15558,Toms River,NJ
10001,40.75065,-73.99718,New York,NY
10002,40.7157,-73.98638,New York,NY
10023,40.77601,-73.98269,New York,NY
10025,40.79857,-73.96659,New York,NY
10027,40.81184,-73.9534,New York,NY
10029,40.79173,-73.94396,New York,NY
10032,40.83884,-73.94279,New York,NY
10314,40.59913,-74.16572,Staten Island,NY
10452,40.83739,-73.92344,Bronx,NY
10453,40.85225,-73.91358,Bronx,NY
10456,40.83003,-73.90815,Bronx,NY
10457,40.84713,-73.89871,Bronx,NY
10458,40.86244,-73.88826,Bronx,NY
10462,40.84269,-73.8586,Bronx,NY
10463,40.88077,-73.90662,Bronx,NY
10466,40.89098,-73.84597,Bronx,NY
10467,40.88081,-73.87392,Bronx,NY
10468,40.86804,-73.90006,Bronx,NY
10469,40.86862,-73.84813,Bronx,NY
10472,40.8295,-73.8694,Bronx,NY
10701,40.94544,-73.88034,Yonkers,NY
10977,41.11768,-74.0481,Spring Valley,NY
11201,40.69463,-73.98972,Brooklyn,NY
11203,40.64955,-73.93444,Brooklyn,NY
11204,40.61871,-73.98492,Brooklyn,NY
11206,40.70187,-73.94235,Brooklyn,NY
11207,40.67073,-73.89429,Brooklyn,NY
11208,40.66855,-73.87103,Brooklyn,NY
11209,40.62194,-74.03009,Brooklyn,NY
11210,40.62821,-73.94627,Brooklyn,NY
11211,40.71244,-73.95299,Brooklyn,NY
11212,40.66293,-73.91303,Brooklyn,NY
11213,40.67111,-73.9363,Brooklyn,NY
11214,40.59866,-73.99636,Brooklyn,NY
11215,40.6626,-73.98678,Brooklyn,NY
11218,40.64346,-73.97611,Brooklyn,NY
11219,40.63267,-73.99669,Brooklyn,NY
11220,40.64115,-74.01651,Brooklyn,NY
11221,40.69136,-73.92787,Brooklyn,NY
11223,40.59715,-73.97359,Brooklyn,NY
11226,40.64639,-73.9568,Brooklyn,NY
11229,40.60083,-73.94401,Brooklyn,NY
11230,40.62214,-73.96506,Brooklyn,NY
11233,40.6783,-73.91995,Brooklyn,NY
11234,40.60602,-73.91071,Brooklyn,NY
11235,40.58402,-73.9488,Brooklyn,NY
11236,40.63958,-73.90107,Brooklyn,NY
11355,40.75148,-73.82092,Flushing,NY
11368,40.74959,-73.8526,Corona,NY
11372,40.75166,-73.88361,Jackson Heights,NY
11373,40.73886,-73.87858,Elmhurst,NY
11375,40.72092,-73.84611,Forest Hills,NY
11377,40.74482,-73.90522,Woodside,NY
11385,40.70102,-73.89013,Ridgewood,NY
11432,40.71529,-73.79306,Jamaica,NY
11434,40.67677,-73.77626,Jamaica,NY
11691,40.60138,-73.76103,Far Rockaway,NY
11706,40.7217,-73.2508,Bay Shore,NY
11717,40.78378,-73.25225,Brentwood,NY
11746,40.81438,-73.36095,Huntington Station,NY
13210,43.03014,-76.12607,Syracuse,NY
14221,42.98002,-78.72285,Buffalo,NY
14609,43.17753,-77.55277,Rochester,NY
14850,42.43101,-76.49959,Ithaca,NY
15237,40.54883,-80.04746,Pittsburgh,PA
17603,40.01301,-76.35232,Lancaster,PA
19111,40.06025,-75.08041,Philadelphia,PA
19120,40.03365,-75.11998,Philadelphia,PA
19124,40.01711,-75.09304,Philadelphia,PA
19134,39.98981,-75.10843,Philadelphia,PA
19143,39.94289,-75.22636,Philadelphia,PA
19808,39.73838,-75.66525,Wilmington,DE
19904,39.17023,-75.59493,Dover,DE
20002,38.90511,-76.98437,Washington,DC
20011,38.95241,-77.02278,Washington,DC
20019,38.8918,-76.9427,Washington,DC
20147,39.04152,-77.47954,Ashburn,VA
20878,39.11253,-77.25142,Gaithersburg,MD
20906,39.0867,-77.05664,Silver Spring,MD
21215,39.34555,-76.68369,Baltimore,MD
21234,39.39346,-76.53387,Parkville,MD
21740,39.63401,-77.74244,Hagerstown,MD
22191,38.62411,-77.26905,Woodbridge,VA
22193,38.64308,-77.34807,Woodbridge,VA
22304,38.81377,-77.11394,Alexandria,VA
23223,37.55584,-77.37889,Richmond,VA
23322,36.63219,-76.22873,Chesapeake,VA
23462,36.83721,-76.1517,Virginia Beach,VA
23464,36.79724,-76.17922,Virginia Beach,VA
23503,36.94728,-76.26289,Norfolk,VA
23608,37.15114,-76.54327,Newport News,VA
23666,37.05912,-76.40727,Hampton,VA
25312,38.45242,-81.65735,Charleston,WV
25705,38.40561,-82.36193,Huntington,WV
27406,35.99912,-79.76565,Greensboro,NC
27519,35.80708,-78.88695,Cary,NC
27587,35.98129,-78.55288,Wake Forest,NC
27610,35.74598,-78.54647,Raleigh,NC
27713,35.89497,-78.92368,Durham,NC
28027,35.40847,-80.67521,Concord,NC
28215,35.24684,-80.6935,Charlotte,NC
28269,35.33788,-80.80251,Charlotte,NC
28277,35.05238,-80.81752,Charlotte,NC
28314,35.05815,-79.02259,Fayetteville,NC
29229,34.13881,-80.8892,Columbia,SC
29412,32.70947,-79.9512,Charleston,SC
29483,33.05135,-80.18747,Summerville,SC
30004,34.14329,-84.29948,Alpharetta,GA
30022,34.03027,-84.2472,Alpharetta,GA
30024,34.06239,-84.09069,Suwanee,GA
30040,34.21614,-84.1806,Cumming,GA
30041,34.20039,-84.09418,Cumming,GA
30043,34.00303,-84.00744,Lawrenceville,GA
30044,33.92215,-84.06915,Lawrenceville,GA
30047,33.87064,-84.11267,Lilburn,GA
30052,33.81581,-83.8947,Loganville,GA
30062,33.99971,-84.46987,Marietta,GA
30096,33.97681,-84.14824,Duluth,GA
30127,33.87477,-84.69609,Powder Springs,GA
30135,33.67236,-84.74554,Douglasville,GA
30188,34.11881,-84.45551,Woodstock,GA
30281,33.56349,-84.19491,Stockbridge,GA
30331,33.70635,-84.54392,Atlanta,GA
30349,33.62356,-84.52591,Atlanta,GA
30906,33.34496,-81.97238,Augusta,GA
31210,32.90485,-83.73572,Macon,GA
31419,31.99574,-81.23582,Savannah,GA
31907,32.48254,-84.90133,Columbus,GA
32210,30.26558,-81.74463,Jacksonville,FL
32218,30.48665,-81.66922,Jacksonville,FL
32304,30.45363,-84.35159,Tallahassee,FL
32765,28.66743,-81.20178,Oviedo,FL
32822,28.48984,-81.29046,Orlando,FL
32828,28.52824,-81.16718,Orlando,FL
33012,25.86566,-80.3025,Hialeah,FL
33015,25.9413,-80.31761,Hialeah,FL
33023,25.9894,-80.21534,Hollywood,FL
33024,26.02697,-80.24528,Hollywood,FL
33025,25.98743,-80.28139,Hollywood,FL
33028,26.01853,-80.34488,Pembroke Pines,FL
33065,26.27284,-80.26039,Coral Springs,FL
33157,25.60618,-80.34258,Miami,FL
33186,25.65548,-80.41048,Miami,FL
33311,26.14412,-80.17331,Fort Lauderdale,FL
33313,26.15043,-80.22638,Fort Lauderdale,FL
33411,26.71983,-80.19981,West Palm Beach,FL
33463,26.59529,-80.13004,Lake Worth,FL
33647,28.13413,-82.35798,Tampa,FL
33914,26.56798,-82.01549,Cape Coral,FL
34711,28.52611,-81.75669,Clermont,FL
34787,28.48239,-81.62774,Winter Garden,FL
34953,27.249,-80.38129,Port Saint Lucie,FL
35242,33.42521,-86.67144,Birmingham,AL
35810,34.801,-86.60761,Huntsville,AL
36117,32.37856,-86.14566,Montgomery,AL
36695,30.63011,-88.28067,Mobile,AL
37013,36.04709,-86.63244,Antioch,TN
37042,36.56905,-87.41699,Clarksville,TN
37075,36.33995,-86.60658,Hendersonville,TN
37211,36.06717,-86.7237,Nashville,TN
37421,35.0289,-85.15095,Chattanooga,TN
37918,36.06085,-83.90938,Knoxville,TN
38134,35.17696,-89.85992,Memphis,TN
38401,35.62902,-87.02062,Columbia,TN
39212,32.2421,-90.2731,Jackson,MS
40214,38.15187,-85.78246,Louisville,KY
40475,37.76658,-84.3137,Richmond,KY
40509,37.99786,-84.37619,Lexington,KY
42101,37.06376,-86.47618,Bowling Green,KY
43026,40.02276,-83.1855,Hilliard,OH
43055,40.11783,-82.37652,Newark,OH
43081,40.11064,-82.89134,Westerville,OH
43123,39.86855,-83.11985,Grove City,OH
43130,39.69883,-82.6105,Lancaster,OH
43215,39.96635,-83.01282,Columbus,OH
43230,40.03563,-82.86985,Columbus,OH
43615,41.65078,-83.67317,Toledo,OH
44035,41.36515,-82.12938,Elyria,OH
44130,41.3778,-81.78683,Cleveland,OH
44256,41.14011,-81.85904,Medina,OH
44312,41.01539,-81.44085,Akron,OH
45011,39.42962,-84.50248,Hamilton,OH
45238,39.10914,-84.61122,Cincinnati,OH
45424,39.84675,-84.11121,Dayton,OH
46227,39.67615,-86.13149,Indianapolis,IN
46307,41.4026,-87.32768,Crown Point,IN
46835,41.15192,-85.04618,Fort Wayne,IN
47906,40.48698,-86.98647,West Lafayette,IN
48089,42.47019,-82.99544,Warren,MI
48197,42.19714,-83.62885,Ypsilanti,MI
48228,42.35545,-83.21705,Detroit,MI
48310,42.56436,-83.06782,Sterling Heights,MI
49504,42.98041,-85.70941,Grand Rapids,MI
50317,41.6163,-93.54711,Des Moines,IA
52402,42.02277,-91.65978,Cedar Rapids,IA
53215,42.99922,-87.9468,Milwaukee,WI
53711,43.01504,-89.40923,Madison,WI
55106,44.96353,-93.04827,Saint Paul,MN
55407,44.93503,-93.2529,Minneapolis,MN
57106,43.51054,-96.83901,Sioux Falls,SD
57701,44.14153,-103.20508,Rapid City,SD
58103,46.85617,-96.82207,Fargo,ND
58503,46.90432,-100.75055,Bismarck,ND
59102,45.77569,-108.58016,Billings,MT
59601,46.53983,-112.17642,Helena,MT
59801,46.85627,-114.01491,Missoula,MT
60073,42.34816,-88.10977,Round Lake,IL
60085,42.35333,-87.86825,Waukegan,IL
60402,41.83469,-87.79139,Berwyn,IL
60505,41.76429,-88.29409,Aurora,IL
60540,41.76365,-88.14515,Naperville,IL
60601,41.88526,-87.62194,Chicago,IL
60608,41.84878,-87.67131,Chicago,IL
60614,41.92273,-87.65131,Chicago,IL
60617,41.71591,-87.55432,Chicago,IL
60618,41.947,-87.70244,Chicago,IL
60620,41.7408,-87.65252,Chicago,IL
60623,41.84808,-87.71778,Chicago,IL
60625,41.97341,-87.7002,Chicago,IL
60628,41.69176,-87.61796,Chicago,IL
60629,41.77567,-87.71176,Chicago,IL
60632,41.81133,-87.71335,Chicago,IL
60634,41.94634,-87.80606,Chicago,IL
60639,41.92058,-87.75607,Chicago,IL
60640,41.97237,-87.66347,Chicago,IL
60641,41.94663,-87.74669,Chicago,IL
60647,41.92065,-87.70175,Chicago,IL
60651,41.90208,-87.74089,Chicago,IL
60657,41.93991,-87.65382,Chicago,IL
60804,41.83783,-87.76014,Cicero,IL
61107,42.28363,-89.00326,Rockford,IL
63376,38.79989,-90.61738,Saint Peters,MO
64118,39.213,-94.57474,Kansas City,MO
65807,37.16563,-93.32557,Springfield,MO
66061,38.89668,-94.87959,Olathe,KS
66062,38.83455,-94.77798,Olathe,KS
66102,39.11296,-94.68955,Kansas City,KS
66212,38.95637,-94.68147,Overland Park,KS
67212,37.70198,-97.43641,Wichita,KS
68104,41.29498,-96.00128,Omaha,NE
68516,40.73488,-96.64258,Lincoln,NE
70122,30.01317,-90.06285,New Orleans,LA
70816,30.42897,-91.0214,Baton Rouge,LA
71106,32.38572,-93.73634,Shreveport,LA
72209,34.67698,-92.34413,Little Rock,AR
73099,35.52828,-97.76237,Yukon,OK
73160,35.33208,-97.47543,Oklahoma City,OK
74012,36.05359,-95.80494,Broken Arrow,OK
74133,36.04146,-95.87941,Tulsa,OK
75002,33.08965,-96.60752,Allen,TX
75025,33.09095,-96.74128,Plano,TX
75034,33.15195,-96.86036,Frisco,TX
75035,33.15534,-96.77271,Frisco,TX
75040,32.92766,-96.62008,Garland,TX
75043,32.85707,-96.57941,Garland,TX
75052,32.6659,-97.02649,Grand Prairie,TX
75061,32.82605,-96.9655,Irving,TX
75067,33.01371,-97.00025,Lewisville,TX
75068,33.17647,-96.95053,Little Elm,TX
75070,33.17311,-96.69773,Mckinney,TX
75150,32.81577,-96.63039,Mesquite,TX
75211,32.73493,-96.90297,Dallas,TX
75217,32.71217,-96.68118,Dallas,TX
75228,32.82443,-96.67996,Dallas,TX
75243,32.91211,-96.73563,Dallas,TX
76010,32.72283,-97.08035,Arlington,TX
76028,32.52604,-97.30318,Burleson,TX
76063,32.56979,-97.14275,Mansfield,TX
76179,32.9144,-97.43777,Fort Worth,TX
76244,32.93098,-97.28435,Keller,TX
76549,31.01316,-97.82996,Killeen,TX
77036,29.70165,-95.53595,Houston,TX
77083,29.69327,-95.6489,Houston,TX
77084,29.82642,-95.66213,Houston,TX
77095,29.9082,-95.65322,Houston,TX
77346,29.99497,-95.17718,Humble,TX
77373,30.06145,-95.38415,Spring,TX
77379,30.03912,-95.53382,Spring,TX
77429,29.99104,-95.6588,Cypress,TX
77433,29.94911,-95.73923,Cypress,TX
77449,29.83556,-95.73813,Katy,TX
77450,29.74629,-95.73832,Katy,TX
77459,29.52565,-95.53298,Missouri City,TX
77479,29.56646,-95.63557,Sugar Land,TX
77494,29.7433,-95.82862,Katy,TX
77506,29.7149,-95.20013,Pasadena,TX
77573,29.50205,-95.08652,League City,TX
77584,29.546,-95.35081,Pearland,TX
77845,30.56253,-96.27564,College Station,TX
78045,27.85007,-99.66888,Laredo,TX
78046,27.37485,-99.34941,Laredo,TX
78130,29.69772,-98.07021,New Braunfels,TX
78228,29.46095,-98.57202,San Antonio,TX
78245,29.40397,-98.73081,San Antonio,TX
78249,29.56794,-98.61346,San Antonio,TX
78250,29.50316,-98.66626,San Antonio,TX
78251,29.46216,-98.67599,San Antonio,TX
78412,27.70386,-97.34302,Corpus Christi,TX
78501,26.21583,-98.23917,Mcallen,TX
78520,25.96396,-97.5501,Brownsville,TX
78521,25.95038,-97.32168,Brownsville,TX
78542,26.452,-98.08433,Edinburg,TX
78572,26.2281,-98.37666,Mission,TX
78574,26.31893,-98.37005,Mission,TX
78577,26.15047,-98.19104,Pharr,TX
78596,26.15806,-97.98925,Weslaco,TX
78613,30.50395,-97.82462,Cedar Park,TX
78641,30.56175,-97.91516,Leander,TX
78660,30.44304,-97.59548,Pflugerville,TX
78664,30.50479,-97.64577,Round Rock,TX
78666,29.87958,-97.96642,San Marcos,TX
78745,30.20686,-97.79738,Austin,TX
79109,35.16631,-101.88646,Amarillo,TX
79424,33.46993,-101.94095,Lubbock,TX
79912,31.84821,-106.53264,El Paso,TX
79936,31.77618,-106.29786,El Paso,TX
79938,31.83091,-105.97012,El Paso,TX
80013,39.66138,-104.7657,Aurora,CO
80015,39.62598,-104.77999,Aurora,CO
80134,39.48221,-104.77886,Parker,CO
80219,39.69538,-105.03438,Denver,CO
80525,40.52921,-105.03706,Fort Collins,CO
80918,38.91153,-104.78022,Colorado Springs,CO
82001,41.09143,-104.93442,Cheyenne,WY
82601,43.09718,-106.38744,Casper,WY
83646,43.6498,-116.43063,Meridian,ID
83709,43.54974,-116.28929,Boise,ID
84015,41.12088,-112.06121,Clearfield,UT
84043,40.41087,-111.8733,Lehi,UT
84095,40.55724,-111.9789,South Jordan,UT
84118,40.6535,-112.01342,Salt Lake City,UT
84119,40.70158,-111.94607,West Valley City,UT
84404,41.27066,-112.11644,Ogden,UT
85008,33.46331,-111.98676,Phoenix,AZ
85032,33.6263,-112.00381,Phoenix,AZ
85033,33.49438,-112.21164,Phoenix,AZ
85041,33.38586,-112.10884,Phoenix,AZ
85142,33.19866,-111.63814,Queen Creek,AZ
85204,33.39679,-111.7881,Mesa,AZ
85225,33.3174,-111.83218,Chandler,AZ
85234,33.36455,-111.73943,Gilbert,AZ
85254,33.61504,-111.95198,Scottsdale,AZ
85281,33.42815,-111.93115,Tempe,AZ
85301,33.53177,-112.17799,Glendale,AZ
85308,33.66051,-112.18462,Glendale,AZ
85326,33.28904,-112.57796,Buckeye,AZ
85345,33.57196,-112.24617,Peoria,AZ
85364,32.70312,-114.65882,Yuma,AZ
85705,32.2713,-110.99214,Tucson,AZ
87114,35.19711,-106.68401,Albuquerque,NM
87120,35.13508,-106.73708,Albuquerque,NM
87121,35.05852,-106.87791,Albuquerque,NM
89031,36.25893,-115.17175,North Las Vegas,NV
89052,35.9551,-115.05673,Henderson,NV
89108,36.20531,-115.22367,Las Vegas,NV
89110,36.17138,-115.04771,Las Vegas,NV
89115,36.25367,-115.041,Las Vegas,NV
89121,36.12152,-115.09127,Las Vegas,NV
89502,39.49206,-119.74507,Reno,NV
90001,33.97398,-118.24955,Los Angeles,CA
90003,33.96411,-118.2737,Los Angeles,CA
90011,34.00714,-118.25874,Los Angeles,CA
90019,34.04864,-118.33868,Los Angeles,CA
90022,34.02453,-118.15609,Los Angeles,CA
90026,34.07928,-118.263,Los Angeles,CA
90037,34.00268,-118.28748,Los Angeles,CA
90042,34.11462,-118.19202,Los Angeles,CA
90044,33.95278,-118.29188,Los Angeles,CA
90201,33.97072,-118.17079,Bell Gardens,CA
90250,33.91436,-118.34931,Hawthorne,CA
90255,33.97695,-118.21718,Huntington Park,CA
90262,33.92365,-118.20053,Lynwood,CA
90280,33.9446,-118.19262,South Gate,CA
90503,33.84074,-118.35361,Torrance,CA
90631,33.94248,-117.95134,La Habra,CA
90640,34.01507,-118.11073,Montebello,CA
90650,33.90685,-118.08263,Norwalk,CA
90660,33.98882,-118.09063,Pico Rivera,CA
90706,33.88802,-118.12706,Bellflower,CA
90805,33.86493,-118.18055,Long Beach,CA
91104,34.16784,-118.12348,Pasadena,CA
91205,34.13666,-118.24332,Glendale,CA
91331,34.25562,-118.42076,Pacoima,CA
91335,34.20105,-118.54067,Reseda,CA
91342,34.31515,-118.38506,Sylmar,CA
91343,34.23827,-118.48067,North Hills,CA
91350,34.43357,-118.50074,Santa Clarita,CA
91402,34.22411,-118.44481,Panorama City,CA
91702,34.26557,-117.86721,Azusa,CA
91706,34.09641,-117.96816,Baldwin Park,CA
91709,33.96432,-117.73599,Chino Hills,CA
91710,34.00447,-117.68468,Chino,CA
91730,34.09955,-117.57847,Rancho Cucamonga,CA
91732,34.07343,-118.01445,El Monte,CA
91744,34.0289,-117.93731,La Puente,CA
91761,34.03458,-117.59211,Ontario,CA
91762,34.02905,-117.64478,Ontario,CA
91766,34.04179,-117.75691,Pomona,CA
91770,34.06441,-118.08364,Rosemead,CA
91910,32.63826,-117.05706,Chula Vista,CA
91911,32.60736,-117.05404,Chula Vista,CA
91950,32.67002,-117.09419,National City,CA
91977,32.72593,-116.99655,Spring Valley,CA
92021,32.83548,-116.8708,El Cajon,CA
92027,33.13446,-116.98428,Escondido,CA
92057,33.25403,-117.28732,Oceanside,CA
92105,32.73785,-117.09268,San Diego,CA
92114,32.70776,-117.0551,San Diego,CA
92115,32.76139,-117.07173,San Diego,CA
92126,32.90847,-117.1414,San Diego,CA
92154,32.56762,-117.00305,San Diego,CA
92201,33.69743,-116.10328,Indio,CA
92335,34.08717,-117.46549,Fontana,CA
92336,34.14648,-117.46394,Fontana,CA
92345,34.38212,-117.30939,Hesperia,CA
92346,34.12429,-117.18004,Highland,CA
92376,34.1112,-117.37884,Rialto,CA
92404,34.17837,-117.25146,San Bernardino,CA
92407,34.21658,-117.39082,San Bernardino,CA
92503,33.88162,-117.44479,Riverside,CA
92509,34.00326,-117.44494,Jurupa Valley,CA
92553,33.92338,-117.24486,Moreno Valley,CA
92562,33.55113,-117.34387,Murrieta,CA
92563,33.57996,-117.14579,Murrieta,CA
92592,33.5111,-117.03089,Temecula,CA
92620,33.7126,-117.75069,Irvine,CA
92627,33.64788,-117.92044,Costa Mesa,CA
92647,33.72342,-118.00667,Huntington Beach,CA
92677,33.52765,-117.7052,Laguna Niguel,CA
92683,33.75252,-117.99406,Westminster,CA
92703,33.7487,-117.90607,Santa Ana,CA
92704,33.72052,-117.90808,Santa Ana,CA
92801,33.84444,-117.95222,Anaheim,CA
92804,33.81826,-117.97506,Anaheim,CA
92805,33.83038,-117.90578,Anaheim,CA
92833,33.87927,-117.96172,Fullerton,CA
92840,33.78586,-117.93226,Garden Grove,CA
92867,33.81575,-117.82213,Orange,CA
92880,33.92078,-117.6097,Corona,CA
92882,33.84194,-117.60424,Corona,CA
93033,34.15212,-119.12648,Oxnard,CA
93065,34.26022,-118.77436,Simi Valley,CA
93230,36.28802,-119.62301,Hanford,CA
93257,35.98376,-118.87178,Porterville,CA
93274,36.18026,-119.36943,Tulare,CA
93306,35.46364,-118.78979,Bakersfield,CA
93307,35.24849,-118.93629,Bakersfield,CA
93312,35.39347,-119.12045,Bakersfield,CA
93535,34.71307,-117.87823,Lancaster,CA
93536,34.74709,-118.36875,Lancaster,CA
93550,34.41326,-118.09162,Palmdale,CA
93722,36.80092,-119.87723,Fresno,CA
93727,36.75155,-119.6806,Fresno,CA
93906,36.72258,-121.63228,Salinas,CA
94015,37.68122,-122.48052,Daly City,CA
94080,37.65554,-122.42212,South San Francisco,CA
94087,37.35154,-122.03688,Sunnyvale,CA
94110,37.74994,-122.41539,San Francisco,CA
94112,37.72031,-122.4429,San Francisco,CA
94122,37.75878,-122.48512,San Francisco,CA
94501,37.77516,-122.2748,Alameda,CA
94509,37.99679,-121.81259,Antioch,CA
94513,37.92338,-121.67505,Brentwood,CA
94521,37.95603,-121.95613,Concord,CA
94533,38.2806,-122.0067,Fairfield,CA
94536,37.57132,-121.9854,Fremont,CA
94538,37.50626,-121.96364,Fremont,CA
94541,37.67434,-122.08515,Hayward,CA
94544,37.63382,-122.05719,Hayward,CA
94558,38.4549,-122.25643,Napa,CA
94565,38.01584,-121.90708,Pittsburg,CA
94587,37.60315,-122.01865,Union City,CA
94601,37.7767,-122.2184,Oakland,CA
94806,37.98005,-122.3375,San Pablo,CA
95014,37.30494,-122.08069,Cupertino,CA
95020,37.01425,-121.54993,Gilroy,CA
95035,37.44421,-121.87432,Milpitas,CA
95076,36.93927,-121.74841,Watsonville,CA
95111,37.28342,-121.82652,San Jose,CA
95112,37.34442,-121.88351,San Jose,CA
95123,37.24484,-121.83302,San Jose,CA
95127,37.37108,-121.80071,San Jose,CA
95206,37.9141,-121.42134,Stockton,CA
95355,37.67283,-120.947,Modesto,CA
95403,38.5025,-122.75443,Santa Rosa,CA
95608,38.62583,-121.32829,Carmichael,CA
95624,38.43039,-121.30913,Elk Grove,CA
95630,38.66708,-121.14181,Folsom,CA
95687,38.33691,-121.9204,Vacaville,CA
95747,38.78145,-121.37295,Roseville,CA
95758,38.42788,-121.44343,Elk Grove,CA
95823,38.47408,-121.44347,Sacramento,CA
96706,21.3403,-158.01708,Ewa Beach,HI
96797,21.42424,-157.97898,Waipahu,HI
96818,21.34756,-157.93857,Honolulu,HI
97006,45.51704,-122.85988,Beaverton,OR
97007,45.45435,-122.87964,Beaverton,OR
97229,45.5506,-122.80998,Portland,OR
97301,44.94903,-123.00399,Salem,OR
97402,44.05156,-123.22999,Eugene,OR
97701,44.01483,-121.33105,Bend,OR
98006,47.55748,-122.15081,Bellevue,WA
98012,47.84156,-122.19911,Bothell,WA
98052,47.68125,-122.12025,Redmond,WA
98101,47.6113,-122.33465,Seattle,WA
98115,47.685,-122.28216,Seattle,WA
98404,47.20975,-122.41008,Tacoma,WA
98682,45.67317,-122.48174,Vancouver,WA
99208,47.77989,-117.46275,Spokane,WA
99301,46.38449,-118.94392,Pasco,WA
99504,61.20399,-149.74703,Anchorage,AK
99654,61.45483,-149.90046,Wasilla,AK
99801,58.39767,-134.05518,Juneau,AK
